{"google.com\n": {"support3": 1, "tls2": {"time_dns": {"avg": 0.004142, "median": 0.004143, "min": 0.00414, "max": 0.004143, "75": 0.004143, "95": 0.004143, "99": 0.004143}, "time_connect": {"avg": 0.015931, "median": 0.015908, "min": 0.015891, "max": 0.015995, "75": 0.015951, "95": 0.015986, "99": 0.015993}, "time_appconnect": {"avg": 0.039671, "median": 0.037044, "min": 0.036541, "max": 0.045428, "75": 0.041236, "95": 0.04459, "99": 0.04526}, "time_pretransfer": {"avg": 0.039758, "median": 0.037139, "min": 0.036623, "max": 0.045512, "75": 0.041326, "95": 0.044675, "99": 0.045345}, "time_ttfb": {"avg": 0.063635, "median": 0.061091, "min": 0.061053, "max": 0.068761, "75": 0.064926, "95": 0.067994, "99": 0.068608}}, "tls3": {"time_dns": {"avg": 0.004146, "median": 0.00414, "min": 0.00414, "max": 0.004159, "75": 0.004149, "95": 0.004157, "99": 0.004159}, "time_connect": {"avg": 0.015903, "median": 0.015897, "min": 0.015824, "max": 0.015989, "75": 0.015943, "95": 0.01598, "99": 0.015987}, "time_appconnect": {"avg": 0.038463, "median": 0.036973, "min": 0.036441, "max": 0.041975, "75": 0.039474, "95": 0.041475, "99": 0.041875}, "time_pretransfer": {"avg": 0.038587, "median": 0.037154, "min": 0.036539, "max": 0.042069, "75": 0.039611, "95": 0.041577, "99": 0.041971}, "time_ttfb": {"avg": 0.062467, "median": 0.060519, "min": 0.059363, "max": 0.067519, "75": 0.064019, "95": 0.066819, "99": 0.067379}}}, "youtube.com\n": {"support3": 1, "tls2": {"time_dns": {"avg": 0.004145, "median": 0.004146, "min": 0.004137, "max": 0.004152, "75": 0.004149, "95": 0.004151, "99": 0.004152}, "time_connect": {"avg": 0.015961, "median": 0.015951, "min": 0.015926, "max": 0.016005, "75": 0.015978, "95": 0.016, "99": 0.016004}, "time_appconnect": {"avg": 0.036729, "median": 0.036743, "min": 0.036589, "max": 0.036856, "75": 0.036799, "95": 0.036845, "99": 0.036854}, "time_pretransfer": {"avg": 0.036825, "median": 0.03685, "min": 0.036669, "max": 0.036955, "75": 0.036902, "95": 0.036945, "99": 0.036953}, "time_ttfb": {"avg": 0.054676, "median": 0.054631, "min": 0.054491, "max": 0.054906, "75": 0.054769, "95": 0.054879, "99": 0.054901}}, "tls3": {"time_dns": {"avg": 0.00416, "median": 0.004144, "min": 0.004138, "max": 0.004197, "75": 0.004171, "95": 0.004192, "99": 0.004196}, "time_connect": {"avg": 0.01595, "median": 0.015932, "min": 0.015901, "max": 0.016018, "75": 0.015975, "95": 0.016009, "99": 0.016016}, "time_appconnect": {"avg": 0.039091, "median": 0.037961, "min": 0.036895, "max": 0.042418, "75": 0.04019, "95": 0.041972, "99": 0.042329}, "time_pretransfer": {"avg": 0.039234, "median": 0.038193, "min": 0.036991, "max": 0.042517, "75": 0.040355, "95": 0.042085, "99": 0.042431}, "time_ttfb": {"avg": 0.058111, "median": 0.057907, "min": 0.055197, "max": 0.061229, "75": 0.059568, "95": 0.060897, "99": 0.061163}}}}