{"google.com\n": {"support3": 1, "tls2": {"time_dns": {"avg": 0.004192, "median": 0.004192, "min": 0.004187, "max": 0.004198, "75": 0.004195, "95": 0.004197, "99": 0.004198}, "time_connect": {"avg": 0.015963, "median": 0.015954, "min": 0.015938, "max": 0.015997, "75": 0.015976, "95": 0.015993, "99": 0.015996}, "time_appconnect": {"avg": 0.039569, "median": 0.039498, "min": 0.039393, "max": 0.039817, "75": 0.039657, "95": 0.039785, "99": 0.039811}, "time_pretransfer": {"avg": 0.039754, "median": 0.039663, "min": 0.039607, "max": 0.039992, "75": 0.039828, "95": 0.039959, "99": 0.039985}, "time_ttfb": {"avg": 0.064126, "median": 0.062517, "min": 0.062417, "max": 0.067443, "75": 0.06498, "95": 0.06695, "99": 0.067344}}, "tls3": {"time_dns": {"avg": 0.004189, "median": 0.004189, "min": 0.004187, "max": 0.00419, "75": 0.004189, "95": 0.00419, "99": 0.00419}, "time_connect": {"avg": 0.016051, "median": 0.016057, "min": 0.016015, "max": 0.016082, "75": 0.016069, "95": 0.01608, "99": 0.016081}, "time_appconnect": {"avg": 0.039572, "median": 0.039576, "min": 0.039455, "max": 0.039684, "75": 0.03963, "95": 0.039673, "99": 0.039682}, "time_pretransfer": {"avg": 0.039736, "median": 0.039757, "min": 0.039589, "max": 0.039863, "75": 0.03981, "95": 0.039852, "99": 0.039861}, "time_ttfb": {"avg": 0.062789, "median": 0.062746, "min": 0.062384, "max": 0.063236, "75": 0.062991, "95": 0.063187, "99": 0.063226}}}}